true_label;pred_label_model_0;pred_label_model_1;pred_label_model_2;pred_label_model_3;pred_label_model_4;pred_label_model_5;pred_label_model_6;pred_label_model_7;pred_label_model_8;pred_label_model_9;pred_label_model_10;pred_label_model_11;pred_label_model_12;pred_label_model_13;pred_label_model_14;pred_label_model_15;pred_label_model_16;pred_label_model_17;pred_label_model_18;pred_label_model_19
;0.2187758250234147;0.2187758250234147;0.2187758250234147;0.2187758250234147;0.2187758250234147;0.2187758250234147;0.2187758250234147;0.2187758250234147;0.2187758250234147;0.2187758250234147;0.2187758250234147;0.2187758250234147;0.2187758250234147;0.2187758250234147;0.2187758250234147;0.2187758250234147;0.2187758250234147;0.2187758250234147;0.2187758250234147;0.2187758250234147
